image,n_span,n_nonspan,mean_iou_span,mean_iou_nonspan,gap
PMC1574349_table_2,4,42,0.9622288197278976,0.06684053489672286,-0.8953882848311748
PMC1716159_table_2,4,53,0.6653004288673401,0.04546521512686082,-0.6198352137404792
PMC1991593_table_1,4,108,0.6440650075674057,0.03722077299358649,-0.6068442345738192
PMC2222642_table_2,2,383,0.4999181628227234,0.030278971799291846,-0.46963919102343155
PMC2375039_table_3,4,66,0.8844262212514877,0.04839771906986381,-0.836028502181624
PMC2429899_table_2,4,14,0.8078487068414688,0.19979610254189797,-0.6080526042995709
PMC2442060_table_1,2,119,0.9289920628070831,0.034620214887589464,-0.8943718479194936
PMC2645367_table_1,2,31,0.8016346096992493,0.09507838059817592,-0.7065562291010734
PMC2657832_table_0,8,142,0.9117701500654221,0.018336105267812406,-0.8934340447976097
PMC2738651_table_0,2,20,0.9712871611118317,0.16847066519294457,-0.802816495918887
PMC2780732_table_5,3,55,0.8732160727183024,0.0510356087914922,-0.8221804639268102
PMC2791217_table_0,7,91,0.9204822097505841,0.039217025051814514,-0.8812651846987696
PMC2829006_table_3,2,35,0.9389804601669312,0.16179972534633374,-0.7771807348205975
PMC2855517_table_0,10,90,0.8928720235824585,0.06996562858629558,-0.8229063949961629
PMC2881019_table_0,1,85,0.9566488265991211,0.1444382047828506,-0.8122106218162705
PMC2883601_table_0,4,172,0.7879596203565598,0.017073827048460413,-0.7708857933080994
PMC2906470_table_0,3,22,0.9505711992581686,0.15948962369425732,-0.7910815755639112
PMC2935123_table_2,3,66,0.8727572361628214,0.10304328579116952,-0.7697139503716519
PMC2988804_table_0,11,121,0.8725021915002302,0.05047410279358468,-0.8220280887066456
PMC3000372_table_0,7,53,0.8682180728231158,0.061700869316481194,-0.8065172035066346
PMC3017779_table_1,3,31,0.9473033746083578,0.13090100656864384,-0.8164023680397139
PMC3019106_table_3,16,514,0.6614244692027569,0.009281747189897624,-0.6521427220128593
PMC3020960_table_0,7,210,0.8897827693394252,0.0209340852640924,-0.8688486840753329
PMC3033815_table_1,3,29,0.3057722846666972,0.09656691780024819,-0.20920536686644903
PMC3034664_table_2,2,162,0.9230360090732574,0.018841306569721595,-0.9041947025035358
PMC3035247_table_0,2,34,0.8927765488624573,0.18222112055210507,-0.7105554283103522
PMC3042417_table_2,3,29,0.935849924882253,0.08133623946923763,-0.8545136854130154
PMC3044294_table_1,6,30,0.9055936435858408,0.0642500356460611,-0.8413436079397797
PMC3050775_table_1,3,64,0.9174837867418925,0.0658494324889034,-0.8516343542529891
PMC3062595_table_4,5,142,0.8026105642318726,0.01954661233311283,-0.7830639518987598
PMC3117774_table_0,7,61,0.9191808530262539,0.12784692599270187,-0.791333927033552
PMC3123623_table_2,5,46,0.8785802721977234,0.051175767434356007,-0.8274045047633674
PMC3130712_table_0,6,141,0.761553963025411,0.07609250440321291,-0.6854614586221981
PMC3189140_table_2,1,26,0.9385547637939453,0.12448991670344885,-0.8140648470904964
PMC3208639_table_0,6,159,0.8760432203610738,0.03963265007123997,-0.8364105702898339
PMC3209419_table_2,5,160,0.7498119950294495,0.0167773876368301,-0.7330346073926194
PMC3213080_table_0,5,104,0.885259485244751,0.06428693528234292,-0.8209725499624081
PMC3214126_table_4,3,78,0.9163366754849752,0.16170146916798936,-0.7546352063169859
PMC3215718_table_1,3,26,0.981954018274943,0.10123752874250595,-0.8807164895324371
PMC3236184_table_0,2,34,0.9689514338970184,0.1551538729605347,-0.8137975609364837
PMC3248559_table_0,2,44,0.9272002875804901,0.05485016539354216,-0.872350122186948
PMC3262863_table_4,7,141,0.844608587878091,0.05710384379374689,-0.7875047440843441
PMC3281830_table_2,1,262,0.33558389544487,0.022966866829354345,-0.31261702861551566
PMC3292942_table_0,4,105,0.6532655172049999,0.074813644413925,-0.5784518727910749
PMC3307764_table_2,2,39,0.9419925212860107,0.12137039903646861,-0.8206221222495421
PMC3308190_table_6,2,47,0.881502777338028,0.050286289225233365,-0.8312164881127946
PMC3313939_table_4,5,28,0.9388712406158447,0.14352785543139493,-0.7953433851844498
PMC3314639_table_0,2,29,0.9592222571372986,0.08354044962545921,-0.8756818075118393
PMC3338812_table_2,4,70,0.8645683377981186,0.035793346033564634,-0.8287749917645539
PMC3349596_table_1,2,36,0.8360766768455505,0.06803866682781114,-0.7680380100177394
PMC3352301_table_0,4,142,0.9189188778400421,0.07594724880977416,-0.842971629030268
PMC3365066_table_1,7,30,0.9119094610214233,0.13093829893817505,-0.7809711620832482
PMC3415056_table_1,22,69,0.5057561289180409,0.11971681544800168,-0.3860393134700392
PMC3420916_table_0,8,175,0.8935724496841431,0.019030518459954432,-0.8745419312241887
PMC3432071_table_0,16,183,0.8566605485975742,0.049008799543797645,-0.8076517490537766
PMC3438170_table_0,1,52,0.9375066161155701,0.1479629177528505,-0.7895436983627195
PMC3440341_table_0,3,96,0.9153932332992554,0.1762352940592488,-0.7391579392400066
PMC3448603_table_1,1,98,0.8766997456550598,0.03634667915365735,-0.8403530665014025
PMC3458288_table_0,3,29,0.5907975435256958,0.09214032980902441,-0.4986572137166714
PMC3460742_table_7,3,55,0.8788650631904602,0.05353101210838014,-0.82533405108208
PMC3461471_table_2,2,20,0.4325970709323883,0.11942089553922415,-0.31317617539316417
PMC3468408_table_2,4,27,0.9012752622365952,0.08232851981840751,-0.8189467424181877
PMC3470558_table_1,1,58,0.7278913855552673,0.09337797577910383,-0.6345134097761636
PMC3471998_table_2,2,31,0.9266010224819183,0.08302573306906608,-0.8435752894128523
PMC3478812_table_3,1,8,0.0,0.37251139048021287,0.37251139048021287
PMC3523569_table_0,2,43,0.0,0.08424200468458408,0.08424200468458408
PMC3528451_table_3,3,30,0.9426007270812988,0.09253703237821659,-0.8500636947030822
PMC3544577_table_1,4,34,0.9184999465942383,0.060336620546877384,-0.8581633260473609
PMC3548827_table_2,12,208,0.9088728229204813,0.017646267087771915,-0.8912265558327094
PMC3561065_table_1,3,41,0.8910518089930216,0.06923439817094221,-0.8218174108220794
PMC3575293_table_2,1,88,0.9610178470611572,0.056906857407408425,-0.9041109896537488
PMC3583834_table_2,9,39,0.9389505187670389,0.06378982566559735,-0.8751606931014416
PMC3585325_table_0,6,67,0.909869541724523,0.07516913260541745,-0.8347004091191055
PMC3596303_table_0,1,76,0.9170490503311157,0.044340672841491666,-0.872708377489624
PMC3608654_table_4,3,79,0.8978392680486044,0.061550325325018244,-0.8362889427235861
PMC3614478_table_6,3,15,0.7728569507598877,0.1659618578851223,-0.6068950928747654
PMC3616988_table_1,13,83,0.8640231398435739,0.034475134506103504,-0.8295480053374704
PMC3641966_table_2,4,286,0.8946862518787384,0.03470637767829678,-0.8599798742004416
PMC3644285_table_2,5,150,0.9329112291336059,0.06487498358202477,-0.8680362455515811
PMC3655107_table_2,3,65,0.9424923459688822,0.04112060176065335,-0.9013717442082289
PMC3661577_table_1,3,69,0.9174468715985616,0.08450587035791166,-0.83294100124065
PMC3674896_table_1,3,103,0.9072948694229126,0.09426889561333703,-0.8130259738095755
PMC3684599_table_0,4,111,0.9387234151363373,0.0290058003151202,-0.909717614821217
PMC3686617_table_0,5,38,0.9405400872230529,0.062420153169353544,-0.8781199340536994
PMC3695856_table_1,12,113,0.6525873293479284,0.11537486563675699,-0.5372124637111714
PMC3699476_table_0,2,23,0.9330276548862457,0.1104769429758839,-0.8225507119103619
PMC4344310_table_9,3,53,0.9492744406064352,0.0424378994360285,-0.9068365411704067
PMC4347569_table_0,3,62,0.9047939976056417,0.14394747288597207,-0.7608465247196696
PMC4349827_table_2,6,261,0.8008248408635458,0.0123362653439158,-0.7884885755196299
PMC4357215_table_1,3,28,0.7886561155319214,0.2301556465349027,-0.5585004689970187
PMC4358912_table_0,3,29,0.9119215210278829,0.07966412860771706,-0.8322573924201658
PMC4382224_table_3,2,55,0.9193063974380493,0.07999113679609515,-0.8393152606419542
PMC4397815_table_0,3,27,0.9387090007464091,0.14696956287931512,-0.7917394378670939
PMC4404307_table_4,2,34,0.9826575815677643,0.09511185443090439,-0.8875457271368599
PMC4405071_table_2,3,69,0.9093741575876871,0.032491746291086296,-0.8768824112966008
PMC4414192_table_1,3,36,0.9579969048500061,0.06767626079575469,-0.8903206440542514
PMC4422521_table_0,5,198,0.8915731906890869,0.017644291367344182,-0.8739288993217428
PMC4446912_table_2,14,108,0.8742160073348454,0.022531951018781575,-0.8516840563160638
PMC4448174_table_0,4,40,0.8272103518247604,0.09934622142463923,-0.7278641304001212
PMC4460118_table_0,7,22,0.916246771812439,0.09065550980581479,-0.8255912620066241
PMC4460960_table_2,2,28,0.8750587105751038,0.11643284506031445,-0.7586258655147893
PMC4462176_table_1,5,200,0.4038106262683868,0.05430486286757514,-0.3495057634008117
PMC4475293_table_0,6,105,0.6115855971972147,0.085679026353561,-0.5259065708436537
PMC4477319_table_0,10,37,0.4395157992839813,0.06583747154454121,-0.3736783277394401
PMC4494277_table_1,8,44,0.0,0.042209932284260336,0.042209932284260336
PMC4502461_table_0,6,200,0.8575040300687155,0.05621159553062171,-0.8012924345380937
PMC4537032_table_0,8,23,0.8583575561642647,0.11049860355484745,-0.7478589526094173
PMC4537607_table_1,1,33,0.401377409696579,0.077251828529618,-0.324125581166961
PMC4541081_table_0,6,28,0.90610999862353,0.11050913956257448,-0.7956008590609556
PMC4567825_table_1,2,74,0.8083657026290894,0.06830970364633784,-0.7400559989827515
PMC4587829_table_1,3,53,0.9160540501276652,0.060622374931315205,-0.85543167519635
PMC4602069_table_0,1,29,0.0,0.35538242628862116,0.35538242628862116
PMC4609322_table_0,3,42,0.910429318745931,0.30134158869761796,-0.6090877300483131
PMC4636288_table_7,3,23,0.8661379814147949,0.09247759956380595,-0.773660381850989
PMC4640420_table_0,5,116,0.9588564872741699,0.025235996846559233,-0.9336204904276107
PMC4652359_table_0,6,77,0.9398816923300425,0.06898023743279182,-0.8709014548972507
PMC4657899_table_0,4,141,0.6588932871818542,0.05517818121543379,-0.6037151059664204
PMC4676113_table_2,4,222,0.8571161478757858,0.029976997581134375,-0.8271391502946515
PMC4687681_table_3,3,153,0.917905350526174,0.02929918794874467,-0.8886061625774293
PMC4706279_table_0,2,34,0.9326307773590088,0.12261947293711059,-0.8100113044218982
PMC4710813_table_3,7,28,0.8475273592131478,0.10926935159659479,-0.738258007616553
PMC4729253_table_3,5,98,0.8377407312393188,0.025900458517883505,-0.8118402727214353
PMC4786230_table_1,3,129,0.924632708231608,0.07028164390416801,-0.85435106432744
PMC4807062_table_3,7,220,0.6212004934038434,0.05141797438687221,-0.5697825190169712
PMC4810510_table_5,20,138,0.746214596182108,0.03878437759282821,-0.7074302185892798
PMC4832246_table_1,4,20,0.9113106578588486,0.17005953015759587,-0.7412511277012527
PMC4835069_table_0,2,55,0.8405669629573822,0.05607556284151294,-0.7844914001158693
PMC4841532_table_1,4,60,0.9333846420049667,0.04153868515665333,-0.8918459568483134
PMC4842268_table_1,3,66,0.7019422849019369,0.13067683017994347,-0.5712654547219934
PMC4849657_table_0,8,38,0.9087212681770325,0.07923980022927649,-0.829481467947756
PMC4860226_table_0,4,20,0.8885700851678848,0.14007959970040246,-0.7484904854674823
PMC4867558_table_3,1,14,0.8837645649909973,0.3392306140823556,-0.5445339509086418
PMC4873252_table_1,2,76,0.9287697374820709,0.05474151732203992,-0.874028220160031
PMC4899900_table_1,2,16,0.6141209900379181,0.17699023359455168,-0.4371307564433664
PMC4913737_table_2,2,36,0.9488509297370911,0.08967227566366394,-0.8591786540734271
PMC4928964_table_2,2,19,0.4736466508329613,0.13986154292759143,-0.33378510790536986
PMC4939065_table_0,10,35,0.7976998746395111,0.11154762016875404,-0.686152254470757
PMC4957754_table_2,2,57,0.9569687247276306,0.042882116544142104,-0.9140866081834885
PMC4961722_table_0,8,184,0.8341705650091171,0.019374198457428618,-0.8147963665516885
PMC4969667_table_1,6,23,0.9416037698586782,0.09658098965883255,-0.8450227801998457
PMC4977681_table_0,15,70,0.4083804666996002,0.04812793384439179,-0.3602525328552084
PMC4982128_table_2,4,221,0.5424408093094826,0.03434838830994872,-0.5080924209995339
PMC5003889_table_0,2,53,0.8340295851230621,0.04690438839343359,-0.7871251967296286
PMC5007685_table_4,32,151,0.0,0.11153618250248817,0.11153618250248817
PMC5009308_table_0,2,25,0.931173712015152,0.0907648679614067,-0.8404088440537453
PMC5037545_table_0,5,104,0.8785825610160828,0.14156081842688414,-0.7370217425891986
PMC5047943_table_4,9,213,0.8106405138969421,0.012046001453669698,-0.7985945124432724
PMC5068414_table_0,5,65,0.9524843573570252,0.18403238853968035,-0.7684519688173448
PMC5073815_table_0,2,99,0.898435652256012,0.10973383858094388,-0.7887018136750681
PMC5085225_table_2,3,164,0.9286446770032247,0.06210840693902134,-0.8665362700642034
PMC5091897_table_0,11,176,0.6738730777393688,0.03939617121051759,-0.6344769065288511
PMC5093103_table_0,7,63,0.9340527398245675,0.033891570591737356,-0.9001611692328302
PMC5100194_table_5,5,87,0.9300756096839905,0.14824193379381437,-0.7818336758901762
PMC5103330_table_0,10,13,0.9169857680797577,0.5855117497535852,-0.3314740183261725
PMC5105130_table_3,3,73,0.9308815598487854,0.037355927903562375,-0.893525631945223
PMC5117546_table_1,10,99,0.8950437545776367,0.04982937090369318,-0.8452143836739435
PMC5142350_table_0,10,205,0.9002956628799439,0.02193042504169592,-0.8783652378382479
PMC5168842_table_1,8,104,0.9096331596374512,0.050849567292831264,-0.8587835923446199
PMC5690179_table_0,2,16,0.42868053913116455,0.06615270581096411,-0.36252783332020044
PMC5694208_table_2,4,109,0.8316423743963242,0.026155108500511275,-0.8054872658958129
PMC5694554_table_2,6,20,0.9430808027585348,0.11534354996110778,-0.827737252797427
PMC5716779_table_1,3,38,0.9289184808731079,0.10071878811638606,-0.8281996927567219
PMC5725975_table_1,7,62,0.3993783321763788,0.08537528467094226,-0.31400304750543656
PMC5729284_table_1,4,88,0.13576889038085938,0.10237974976189435,-0.03338914061896503
PMC5732956_table_4,4,48,0.7873049080371857,0.0475981452036649,-0.7397067628335208
PMC5747446_table_2,4,119,0.9037046581506729,0.020216711041587992,-0.883487947109085
PMC5752228_table_1,2,19,0.8784843683242798,0.14267365791295705,-0.7358107104113227
PMC5753645_table_0,17,142,0.5875189909163643,0.10389458694705136,-0.48362440396931294
PMC5758794_table_1,4,74,0.9260177612304688,0.053660917574086704,-0.872356843656382
PMC5758794_table_2,8,126,0.8123279735445976,0.04090789258332243,-0.7714200809612752
PMC5768874_table_3,7,49,0.8056160722460065,0.05580290511478575,-0.7498131671312207
PMC5784668_table_0,2,48,0.942845344543457,0.05548916700839376,-0.8873561775350632
PMC5795659_table_0,3,48,0.9112151066462199,0.08045721201536556,-0.8307578946308543
PMC5822665_table_4,3,41,0.9464730620384216,0.051169355649773665,-0.895303706388648
PMC5842527_table_7,5,30,0.4194784313440323,0.07323385930309693,-0.34624457204093534
PMC5849198_table_2,7,106,0.9601721593311855,0.03631732545195604,-0.9238548338792294
PMC5863360_table_2,3,219,0.8944610953330994,0.018328159422396798,-0.8761329359107025
PMC5871766_table_1,4,77,0.9121051579713821,0.07112377806107043,-0.8409813799103117
PMC5875840_table_1,1,34,0.9490672945976257,0.08352514224893906,-0.8655421523486867
PMC5911635_table_0,2,36,0.9469835758209229,0.0956866503175762,-0.8512969255033467
PMC5914047_table_0,3,96,0.8773238261540731,0.18658346704186593,-0.6907403591122072
PMC5918169_table_0,18,50,0.6690653777784772,0.143561379192397,-0.5255039985860802
PMC5919007_table_0,4,120,0.907513216137886,0.07219994816744778,-0.8353132679704383
PMC5931632_table_0,11,40,0.8537846478548917,0.05791391925886273,-0.795870728596029
PMC5944059_table_1,1,84,0.9504436254501343,0.09915313229984826,-0.851290493150286
PMC5945226_table_0,2,88,0.0,0.09716766556216912,0.09716766556216912
PMC5959891_table_0,5,250,0.9380569577217102,0.017080102100968362,-0.9209768556207418
PMC5978986_table_3,5,45,0.9260042071342468,0.06366583911908998,-0.8623383680151568
PMC5992147_table_1,5,42,0.5980725795030594,0.13217374531640894,-0.46589883418665046
PMC5993845_table_0,5,67,0.8813437700271607,0.05877380940451551,-0.8225699606226452
PMC5995224_table_0,29,115,0.683541483920196,0.03501665810042101,-0.648524825819775
PMC5998874_table_2,3,99,0.8952770233154297,0.02211779175382672,-0.873159231561603
PMC6006697_table_0,3,28,0.6132459243138632,0.0987790994612234,-0.5144668248526397
PMC6022731_table_2,3,216,0.9378863970438639,0.024376745212874893,-0.913509651830989
PMC6080384_table_1,11,74,0.7803698615594343,0.04346301913815173,-0.7369068424212826
PMC6084955_table_1,2,67,0.8736181557178497,0.07261035563563233,-0.8010078000822174
PMC6097016_table_2,7,122,0.924825234072549,0.0375424685094078,-0.8872827655631412
PMC6097158_table_0,3,18,0.013004814585049948,0.07630297712360819,0.06329816253855824
PMC6098012_table_0,7,10,0.9222618852342878,0.2554586499929428,-0.6668032352413449
PMC6100161_table_1,4,76,0.9206188917160034,0.050030743874805536,-0.8705881478411979
PMC6112758_table_4,4,42,0.9192365109920502,0.07731011979991481,-0.8419263911921353
PMC6123397_table_0,12,144,0.6550753700236479,0.03455413180118841,-0.6205212382224595
PMC6125819_table_1,4,285,0.8977796286344528,0.05155581901372786,-0.846223809620725
PMC6132986_table_2,4,34,0.9555922001600266,0.07883709795115625,-0.8767551022088703
PMC6136300_table_1,4,28,0.9324039965867996,0.11695221678486892,-0.8154517798019307
PMC6151016_table_3,3,160,0.8590723673502604,0.03467613884131424,-0.8243962285089461
PMC6162424_table_0,2,17,0.9231090545654297,0.2535855726284139,-0.6695234819370157
PMC6163768_table_0,3,161,0.8992306192715963,0.01899109394665553,-0.8802395253249408
PMC6169061_table_2,3,29,0.9390276670455933,0.08188123217430608,-0.8571464348712872
PMC6171883_table_0,16,424,0.47793211440875893,0.024251541610420594,-0.45368057279833834
PMC6181438_table_0,3,96,0.853589673837026,0.06245690865519767,-0.7911327651818283
PMC6198407_table_0,9,65,0.915781213177575,0.18823279013606506,-0.7275484230415099
PMC6206384_table_3,14,92,0.09129029086657933,0.04115708123730576,-0.05013320962927357
PMC6206713_table_2,4,41,0.8974916040897369,0.05255555384224508,-0.8449360502474919
PMC6211744_table_5,3,82,0.9335360924402872,0.02971059735864401,-0.9038254950816432
