table_id,split,primary_type,secondary_types,stage,severity,struct_f1,struct_precision,struct_recall,horizontal_f1,vertical_f1,edge_FP,edge_FN,cer,wer,cer_numeric,cer_alpha,num_pred_cells,num_gt_cells,pred_rows,pred_cols,gt_rows,gt_cols,ocr_impact,tsr_impact,ocr_attribution,tsr_attribution,auto_label,manual_label,verified,notes,timestamp
1504.01806v1.4,comp,Span Error,,TSR Spanning/Merge,0.16666666666666666,0.7749999999999999,0.8266666666666667,0.7294117647058823,0.759493670886076,0.7901234567901234,13,23,0.0,0.0,0.0,0.0,50,49,10,6,9,6,0.0,0.0,0.0,0.0,Span Error,,False,,2026-02-02T05:55:21.081810
1704.01419v1.3,comp,Table Boundary Error,Pure TSR Error,TSR Grid Detection,0.8651685393258427,0.0,0.0,0.0,0.0,0.0,10,166,0.0,0.0,0.0,0.0,12,89,7,10,9,11,0.0,0.0,0.0,0.0,Table Boundary Error,,False,,2026-02-02T05:55:21.081965
1807.01801v1.6,comp,Table Boundary Error,Pure TSR Error,TSR Grid Detection,0.84,0.0,0.0,0.0,0.0,0.0,2,44,0.0,0.0,0.0,0.0,4,25,3,6,5,6,0.0,0.0,0.0,0.0,Table Boundary Error,,False,,2026-02-02T05:55:21.082035
1807.10267v3.3,comp,Table Boundary Error,Pure TSR Error,TSR Grid Detection,0.8125,0.043478260869565216,0.2222222222222222,0.024096385542168676,0.04761904761904762,0.039999999999999994,7,81,0.0,0.0,0.0,0.0,9,48,8,5,10,5,0.0,0.0,0.0,0.0,Table Boundary Error,,False,,2026-02-02T05:55:21.082105
1211.1658v1.1,comp,Table Boundary Error,Pure TSR Error,TSR Grid Detection,0.8192771084337349,0.012195121951219511,0.07692307692307693,0.006622516556291391,0.0,0.02352941176470588,12,150,0.0,0.0,0.0,0.0,15,83,9,8,11,8,0.0,0.0,0.0,0.0,Table Boundary Error,,False,,2026-02-02T05:55:21.082189
1805.02036v1.2,comp,Table Boundary Error,Pure TSR Error,TSR Grid Detection,0.7272727272727273,0.08823529411764706,0.25,0.05357142857142857,0.0625,0.1111111111111111,9,53,0.0,0.0,0.0,0.0,9,33,3,3,7,5,0.0,0.0,0.0,0.0,Table Boundary Error,,False,,2026-02-02T05:55:21.082249
1603.07016v3.2,comp,Pure TSR Error,"Row Merge/Split,Row/Col Shift",TSR Grid Detection,0.675,0.25,0.3333333333333333,0.2,0.28571428571428575,0.2222222222222222,8,16,0.0,0.0,0.0,0.0,9,12,3,3,4,13,0.0,0.0,0.0,0.0,Pure TSR Error,,False,,2026-02-02T05:55:21.082293
1612.01693v3.7,comp,Table Boundary Error,Pure TSR Error,TSR Grid Detection,0.928,0.016666666666666666,0.16666666666666666,0.008771929824561403,0.03508771929824561,0.0,10,226,0.0,0.0,0.0,0.0,9,125,3,3,27,5,0.0,0.0,0.0,0.0,Table Boundary Error,,False,,2026-02-02T05:55:21.082405
1509.03611v2.2,comp,Table Boundary Error,Pure TSR Error,TSR Grid Detection,0.75,0.02666666666666667,0.08333333333333333,0.015873015873015872,0.0,0.05263157894736842,11,62,0.0,0.0,0.0,0.0,9,36,3,3,5,8,0.0,0.0,0.0,0.0,Table Boundary Error,,False,,2026-02-02T05:55:21.082463
1105.0728v2.6,comp,Table Boundary Error,Pure TSR Error,TSR Grid Detection,0.9117647058823529,0.019704433497536946,0.16666666666666666,0.010471204188481676,0.0198019801980198,0.0196078431372549,10,189,0.0,0.0,0.0,0.0,9,102,3,3,19,6,0.0,0.0,0.0,0.0,Table Boundary Error,,False,,2026-02-02T05:55:21.082597
1606.04473v1.2,comp,Pure TSR Error,Table Boundary Error,TSR Grid Detection,0.858139534883721,0.046511627906976744,0.08333333333333333,0.03225806451612903,0.0,0.08333333333333333,11,30,0.0,0.0,0.0,0.0,9,20,3,3,7,3,0.0,0.0,0.0,0.0,Pure TSR Error,,False,,2026-02-02T05:55:21.082667
1803.08251v1.2,comp,Table Boundary Error,"Row Merge/Split,Pure TSR Error",TSR Grid Detection,0.7428571428571429,0.028571428571428574,0.08333333333333333,0.017241379310344827,0.07142857142857144,0.0,11,57,0.0,0.0,0.0,0.0,9,35,3,3,13,3,0.0,0.0,0.0,0.0,Table Boundary Error,,False,,2026-02-02T05:55:21.082732
1701.03924v1.18,comp,Pure TSR Error,"Row Merge/Split,Table Boundary Error",TSR Grid Detection,0.8647058823529412,0.039215686274509796,0.08333333333333333,0.02564102564102564,0.0,0.06666666666666667,11,38,0.0,0.0,0.0,0.0,9,22,3,3,7,4,0.0,0.0,0.0,0.0,Pure TSR Error,,False,,2026-02-02T05:55:21.082792
1503.06610v1.2,comp,Table Boundary Error,Pure TSR Error,TSR Grid Detection,0.8333333333333334,0.01818181818181818,0.08333333333333333,0.01020408163265306,0.037037037037037035,0.0,11,97,0.0,0.0,0.0,0.0,9,54,3,3,6,10,0.0,0.0,0.0,0.0,Table Boundary Error,,False,,2026-02-02T05:55:21.082862
1607.05529v1.2,comp,Table Boundary Error,Pure TSR Error,TSR Grid Detection,0.9117647058823529,0.019704433497536946,0.16666666666666666,0.010471204188481676,0.04081632653061224,0.0,10,189,0.0,0.0,0.0,0.0,9,102,3,3,10,11,0.0,0.0,0.0,0.0,Table Boundary Error,,False,,2026-02-02T05:55:21.082979
1607.03255v1.1,comp,Table Boundary Error,Pure TSR Error,TSR Grid Detection,0.896551724137931,0.011560693641618497,0.08333333333333333,0.006211180124223602,0.023255813953488372,0.0,11,160,0.0,0.0,0.0,0.0,9,87,3,3,16,6,0.0,0.0,0.0,0.0,Table Boundary Error,,False,,2026-02-02T05:55:21.083085
1801.05400v1.5,comp,Table Boundary Error,Pure TSR Error,TSR Grid Detection,0.847457627118644,0.0,0.0,0.0,0.0,0.0,12,106,0.0,0.0,0.0,0.0,9,59,3,3,5,13,0.0,0.0,0.0,0.0,Table Boundary Error,,False,,2026-02-02T05:55:21.083168
1705.05756v1.3,comp,Pure TSR Error,Table Boundary Error,TSR Grid Detection,0.85,0.05555555555555555,0.08333333333333333,0.041666666666666664,0.0,0.11764705882352942,11,23,0.0,0.0,0.0,0.0,9,16,3,3,3,8,0.0,0.0,0.0,0.0,Pure TSR Error,,False,,2026-02-02T05:55:21.083213
1708.05592v1.7,comp,Table Boundary Error,Pure TSR Error,TSR Grid Detection,0.7857142857142857,0.023255813953488372,0.08333333333333333,0.013513513513513514,0.04761904761904762,0.0,11,73,0.0,0.0,0.0,0.0,9,42,3,3,12,4,0.0,0.0,0.0,0.0,Table Boundary Error,,False,,2026-02-02T05:55:21.083270
1410.5605v3.2,comp,Table Boundary Error,Pure TSR Error,TSR Grid Detection,0.8392857142857143,0.0,0.0,0.0,0.0,0.0,12,99,0.0,0.0,0.0,0.0,9,56,3,3,10,6,0.0,0.0,0.0,0.0,Table Boundary Error,,False,,2026-02-02T05:55:21.083338
1805.06262v1.5,comp,Table Boundary Error,Pure TSR Error,TSR Grid Detection,0.9108910891089109,0.0,0.0,0.0,0.0,0.0,12,188,0.0,0.0,0.0,0.0,9,101,3,3,9,12,0.0,0.0,0.0,0.0,Table Boundary Error,,False,,2026-02-02T05:55:21.083419
1003.0628v1.3,comp,Table Boundary Error,Pure TSR Error,TSR Grid Detection,0.8953488372093024,0.011834319526627219,0.08333333333333333,0.006369426751592357,0.0,0.022988505747126436,11,156,0.0,0.0,0.0,0.0,9,86,3,3,10,9,0.0,0.0,0.0,0.0,Table Boundary Error,,False,,2026-02-02T05:55:21.083494
1512.05944v2.1,comp,Table Boundary Error,Pure TSR Error,TSR Grid Detection,0.8269230769230769,0.0,0.0,0.0,0.0,0.0,12,90,0.0,0.0,0.0,0.0,9,52,3,3,8,7,0.0,0.0,0.0,0.0,Table Boundary Error,,False,,2026-02-02T05:55:21.083551
1605.03284v2.1,comp,Table Boundary Error,Pure TSR Error,TSR Grid Detection,0.8125,0.0,0.0,0.0,0.0,0.0,12,89,0.0,0.0,0.0,0.0,9,48,3,3,8,7,0.0,0.0,0.0,0.0,Table Boundary Error,,False,,2026-02-02T05:55:21.083611
1610.00024v1.6,comp,Pure TSR Error,Row/Col Shift,TSR Grid Detection,0.7714285714285714,0.14285714285714288,0.16666666666666666,0.125,0.0,0.26666666666666666,10,14,0.0,0.0,0.0,0.0,9,11,3,3,4,3,0.0,0.0,0.0,0.0,Pure TSR Error,,False,,2026-02-02T05:55:21.083651
1503.03535v2.2,comp,Table Boundary Error,Pure TSR Error,TSR Grid Detection,0.7906976744186046,0.023255813953488372,0.08333333333333333,0.013513513513513514,0.05,0.0,11,73,0.0,0.0,0.0,0.0,9,43,3,3,9,5,0.0,0.0,0.0,0.0,Table Boundary Error,,False,,2026-02-02T05:55:21.083710
1110.2213v1.1,comp,Table Boundary Error,Pure TSR Error,TSR Grid Detection,0.8235294117647058,0.0,0.0,0.0,0.0,0.0,12,92,0.0,0.0,0.0,0.0,9,51,3,3,7,8,0.0,0.0,0.0,0.0,Table Boundary Error,,False,,2026-02-02T05:55:21.083774
1808.01911v1.6,comp,Table Boundary Error,Pure TSR Error,TSR Grid Detection,0.9256198347107438,0.0,0.0,0.0,0.0,0.0,12,228,0.0,0.0,0.0,0.0,9,121,3,3,10,13,0.0,0.0,0.0,0.0,Table Boundary Error,,False,,2026-02-02T05:55:21.083872
1807.03018v1.2,comp,Table Boundary Error,Pure TSR Error,TSR Grid Detection,0.82,0.0,0.0,0.0,0.0,0.0,12,89,0.0,0.0,0.0,0.0,9,50,3,3,6,9,0.0,0.0,0.0,0.0,Table Boundary Error,,False,,2026-02-02T05:55:21.083931
1707.04151v1.2,comp,Table Boundary Error,Pure TSR Error,TSR Grid Detection,0.82,0.0,0.0,0.0,0.0,0.0,12,89,0.0,0.0,0.0,0.0,9,50,3,3,7,8,0.0,0.0,0.0,0.0,Table Boundary Error,,False,,2026-02-02T05:55:21.083995
1712.02933v1.1,comp,Pure TSR Error,"Row/Col Shift,Table Boundary Error",TSR Grid Detection,0.7411764705882353,0.1764705882352941,0.25,0.13636363636363635,0.25,0.1111111111111111,9,19,0.0,0.0,0.0,0.0,9,13,3,3,3,6,0.0,0.0,0.0,0.0,Pure TSR Error,,False,,2026-02-02T05:55:21.084059
1407.7390v3.2,comp,Table Boundary Error,Pure TSR Error,TSR Grid Detection,0.8421052631578947,0.03539823008849558,0.16666666666666666,0.019801980198019802,0.03773584905660377,0.03333333333333333,10,99,0.0,0.0,0.0,0.0,9,57,3,3,10,6,0.0,0.0,0.0,0.0,Table Boundary Error,,False,,2026-02-02T05:55:21.084153
1708.09171v1.1,comp,Table Boundary Error,Pure TSR Error,TSR Grid Detection,0.8,0.04347826086956522,0.16666666666666666,0.025,0.09090909090909091,0.0,10,78,0.0,0.0,0.0,0.0,9,45,3,3,7,7,0.0,0.0,0.0,0.0,Table Boundary Error,,False,,2026-02-02T05:55:21.084240
1511.04317v2.5,comp,Table Boundary Error,Pure TSR Error,TSR Grid Detection,0.8977272727272727,0.0,0.0,0.0,0.0,0.0,12,157,0.0,0.0,0.0,0.0,9,88,3,3,15,6,0.0,0.0,0.0,0.0,Table Boundary Error,,False,,2026-02-02T05:55:21.084357
1603.04747v1.6,comp,Table Boundary Error,Pure TSR Error,TSR Grid Detection,0.8043478260869565,0.0,0.0,0.0,0.0,0.0,12,78,0.0,0.0,0.0,0.0,9,46,3,3,12,4,0.0,0.0,0.0,0.0,Table Boundary Error,,False,,2026-02-02T05:55:21.084438
1707.06355v1.1,comp,Pure TSR Error,Table Boundary Error,TSR Grid Detection,0.81,0.1,0.16666666666666666,0.07142857142857142,0.10526315789473684,0.09523809523809522,10,26,0.0,0.0,0.0,0.0,9,17,3,3,5,4,0.0,0.0,0.0,0.0,Pure TSR Error,,False,,2026-02-02T05:55:21.084493
1512.00664v1.7,comp,Table Boundary Error,Pure TSR Error,TSR Grid Detection,0.7954545454545454,0.021978021978021976,0.08333333333333333,0.012658227848101266,0.0,0.04347826086956522,11,78,0.0,0.0,0.0,0.0,9,44,3,3,5,10,0.0,0.0,0.0,0.0,Table Boundary Error,,False,,2026-02-02T05:55:21.084553
1406.3474v1.1,comp,Table Boundary Error,"Row Merge/Split,Pure TSR Error",TSR Grid Detection,0.7804878048780488,0.0,0.0,0.0,0.0,0.0,12,78,0.0,0.0,0.0,0.0,9,41,3,3,11,5,0.0,0.0,0.0,0.0,Table Boundary Error,,False,,2026-02-02T05:55:21.084685
1712.01213v1.4,comp,Table Boundary Error,Pure TSR Error,TSR Grid Detection,0.7096774193548387,0.030303030303030304,0.08333333333333333,0.018518518518518517,0.058823529411764705,0.0,11,53,0.0,0.0,0.0,0.0,9,31,3,3,7,5,0.0,0.0,0.0,0.0,Table Boundary Error,,False,,2026-02-02T05:55:21.084815
1703.02931v1.1,comp,Pure TSR Error,"Row Merge/Split,Table Boundary Error",TSR Grid Detection,0.9,0.0,0.0,0.0,0.0,0.0,12,23,0.0,0.0,0.0,0.0,9,14,3,3,6,3,0.0,0.0,0.0,0.0,Pure TSR Error,,False,,2026-02-02T05:55:21.084880
9710002v1.4,comp,Table Boundary Error,Pure TSR Error,TSR Grid Detection,0.9357142857142857,0.0,0.0,0.0,0.0,0.0,12,263,0.0,0.0,0.0,0.0,9,140,3,3,12,13,0.0,0.0,0.0,0.0,Table Boundary Error,,False,,2026-02-02T05:55:21.085042
1805.04074v1.6,comp,Table Boundary Error,Pure TSR Error,TSR Grid Detection,0.7567567567567568,0.0,0.0,0.0,0.0,0.0,12,66,0.0,0.0,0.0,0.0,9,37,3,3,6,7,0.0,0.0,0.0,0.0,Table Boundary Error,,False,,2026-02-02T05:55:21.085119
1711.05979v2.8,comp,Table Boundary Error,Pure TSR Error,TSR Grid Detection,0.9042553191489362,0.0,0.0,0.0,0.0,0.0,12,171,0.0,0.0,0.0,0.0,9,94,3,3,14,7,0.0,0.0,0.0,0.0,Table Boundary Error,,False,,2026-02-02T05:55:21.085227
1804.09400v1.3,comp,Table Boundary Error,Pure TSR Error,TSR Grid Detection,0.8548387096774194,0.0,0.0,0.0,0.0,0.0,12,113,0.0,0.0,0.0,0.0,9,62,3,3,8,9,0.0,0.0,0.0,0.0,Table Boundary Error,,False,,2026-02-02T05:55:21.085339
0903.0471v1.1,comp,Table Boundary Error,Pure TSR Error,TSR Grid Detection,0.8928571428571429,0.0,0.0,0.0,0.0,0.0,12,158,0.0,0.0,0.0,0.0,9,84,3,3,16,6,0.0,0.0,0.0,0.0,Table Boundary Error,,False,,2026-02-02T05:55:21.085474
1705.07755v1.3,comp,Table Boundary Error,Pure TSR Error,TSR Grid Detection,0.7906976744186046,0.023255813953488372,0.08333333333333333,0.013513513513513514,0.0,0.04347826086956522,11,73,0.0,0.0,0.0,0.0,9,43,3,3,9,5,0.0,0.0,0.0,0.0,Table Boundary Error,,False,,2026-02-02T05:55:21.085566
1705.03916v1.4,comp,Table Boundary Error,Pure TSR Error,TSR Grid Detection,0.9391891891891891,0.0,0.0,0.0,0.0,0.0,12,285,0.0,0.0,0.0,0.0,9,148,3,3,26,9,0.0,0.0,0.0,0.0,Table Boundary Error,,False,,2026-02-02T05:55:21.085814
1701.05581v1.1,comp,Table Boundary Error,Pure TSR Error,TSR Grid Detection,0.7352941176470589,0.0,0.0,0.0,0.0,0.0,12,60,0.0,0.0,0.0,0.0,9,34,3,3,4,10,0.0,0.0,0.0,0.0,Table Boundary Error,,False,,2026-02-02T05:55:21.085967
1506.04356v1.3,comp,Pure TSR Error,Table Boundary Error,TSR Grid Detection,0.868421052631579,0.03508771929824561,0.08333333333333333,0.022222222222222223,0.0,0.06666666666666667,11,44,0.0,0.0,0.0,0.0,9,25,3,3,4,8,0.0,0.0,0.0,0.0,Pure TSR Error,,False,,2026-02-02T05:55:21.086087
1807.02758v2.2,comp,Table Boundary Error,Pure TSR Error,TSR Grid Detection,0.9845094664371773,0.010723860589812333,0.5,0.005420054200542005,0.022263450834879406,0.0,6,1101,0.0,0.0,0.0,0.0,9,581,3,3,49,12,0.0,0.0,0.0,0.0,Table Boundary Error,,False,,2026-02-02T05:55:21.087209
1703.03861v1.3,normal,Pure TSR Error,Table Boundary Error,TSR Grid Detection,0.8280000000000001,0.08,0.16666666666666666,0.05263157894736842,0.08333333333333333,0.07692307692307691,10,36,0.0,0.0,0.0,0.0,9,24,3,3,6,4,0.0,0.0,0.0,0.0,Pure TSR Error,,False,,2026-02-02T05:55:21.087362
1805.02282v1.7,normal,Pure TSR Error,Table Boundary Error,TSR Grid Detection,0.858139534883721,0.046511627906976744,0.08333333333333333,0.03225806451612903,0.0,0.09523809523809522,11,30,0.0,0.0,0.0,0.0,9,20,3,3,4,5,0.0,0.0,0.0,0.0,Pure TSR Error,,False,,2026-02-02T05:55:21.087455
1804.08866v2.10,normal,Table Boundary Error,Pure TSR Error,TSR Grid Detection,0.7272727272727273,0.0,0.0,0.0,0.0,0.0,12,52,0.0,0.0,0.0,0.0,9,33,3,3,11,3,0.0,0.0,0.0,0.0,Table Boundary Error,,False,,2026-02-02T05:55:21.087548
1611.04230v1.1,normal,Pure TSR Error,Table Boundary Error,TSR Grid Detection,0.864,0.04,0.08333333333333333,0.02631578947368421,0.08333333333333333,0.0,11,37,0.0,0.0,0.0,0.0,9,24,3,3,6,4,0.0,0.0,0.0,0.0,Pure TSR Error,,False,,2026-02-02T05:55:21.087700
1707.06068v1.1,normal,Table Boundary Error,Pure TSR Error,TSR Grid Detection,0.9473684210526315,0.0,0.0,0.0,0.0,0.0,12,314,0.0,0.0,0.0,0.0,9,171,3,3,18,10,0.0,0.0,0.0,0.0,Table Boundary Error,,False,,2026-02-02T05:55:21.087872
9706025v1.1,normal,Pure TSR Error,Table Boundary Error,TSR Grid Detection,0.8653846153846154,0.03846153846153846,0.08333333333333333,0.025,0.0,0.07692307692307691,11,39,0.0,0.0,0.0,0.0,9,25,3,3,5,5,0.0,0.0,0.0,0.0,Pure TSR Error,,False,,2026-02-02T05:55:21.087933
1511.05622v4.4,normal,Table Boundary Error,Pure TSR Error,TSR Grid Detection,0.8928571428571429,0.012422360248447204,0.08333333333333333,0.006711409395973154,0.02564102564102564,0.0,11,148,0.0,0.0,0.0,0.0,9,84,3,3,12,7,0.0,0.0,0.0,0.0,Table Boundary Error,,False,,2026-02-02T05:55:21.088016
1802.03079v1.7,normal,Pure TSR Error,Table Boundary Error,TSR Grid Detection,0.864,0.04,0.08333333333333333,0.02631578947368421,0.0,0.07692307692307691,11,37,0.0,0.0,0.0,0.0,9,24,3,3,6,4,0.0,0.0,0.0,0.0,Pure TSR Error,,False,,2026-02-02T05:55:21.088063
1209.5160v1.8,normal,Table Boundary Error,Pure TSR Error,TSR Grid Detection,0.9318181818181818,0.015810276679841896,0.16666666666666666,0.008298755186721992,0.031496062992125984,0.0,10,239,0.0,0.0,0.0,0.0,9,132,3,3,11,12,0.0,0.0,0.0,0.0,Table Boundary Error,,False,,2026-02-02T05:55:21.088161
1402.0429v3.1,normal,Pure TSR Error,Table Boundary Error,TSR Grid Detection,0.9,0.0,0.0,0.0,0.0,0.0,12,38,0.0,0.0,0.0,0.0,9,24,3,3,6,4,0.0,0.0,0.0,0.0,Pure TSR Error,,False,,2026-02-02T05:55:21.088208
1802.03989v3.2,normal,Table Boundary Error,Pure TSR Error,TSR Grid Detection,0.9647058823529412,0.0,0.0,0.0,0.0,0.0,12,478,0.0,0.0,0.0,0.0,9,255,3,3,17,15,0.0,0.0,0.0,0.0,Table Boundary Error,,False,,2026-02-02T05:55:21.088365
1806.07754v2.7,normal,Pure TSR Error,"Row/Col Shift,Table Boundary Error",TSR Grid Detection,0.8470588235294118,0.05882352941176471,0.08333333333333333,0.045454545454545456,0.0,0.1111111111111111,11,21,0.0,0.0,0.0,0.0,9,15,3,3,5,3,0.0,0.0,0.0,0.0,Pure TSR Error,,False,,2026-02-02T05:55:21.088408
1604.08553v4.20,normal,Table Boundary Error,Pure TSR Error,TSR Grid Detection,0.8875,0.0,0.0,0.0,0.0,0.0,12,139,0.0,0.0,0.0,0.0,9,80,3,3,16,5,0.0,0.0,0.0,0.0,Table Boundary Error,,False,,2026-02-02T05:55:21.088484
1602.05901v5.13,normal,Table Boundary Error,Pure TSR Error,TSR Grid Detection,0.75,0.0,0.0,0.0,0.0,0.0,12,60,0.0,0.0,0.0,0.0,9,36,3,3,6,6,0.0,0.0,0.0,0.0,Table Boundary Error,,False,,2026-02-02T05:55:21.088539
1607.04209v1.1,normal,Pure TSR Error,Table Boundary Error,TSR Grid Detection,0.8666666666666667,0.037037037037037035,0.08333333333333333,0.023809523809523808,0.08333333333333333,0.0,11,41,0.0,0.0,0.0,0.0,9,27,3,3,9,3,0.0,0.0,0.0,0.0,Pure TSR Error,,False,,2026-02-02T05:55:21.088601
1607.07514v1.3,normal,Pure TSR Error,Table Boundary Error,TSR Grid Detection,0.9,0.0,0.0,0.0,0.0,0.0,12,45,0.0,0.0,0.0,0.0,9,28,3,3,7,4,0.0,0.0,0.0,0.0,Pure TSR Error,,False,,2026-02-02T05:55:21.088650
1611.06544v1.5,normal,Table Boundary Error,Pure TSR Error,TSR Grid Detection,0.8941176470588236,0.0125,0.08333333333333333,0.006756756756756757,0.0,0.023255813953488372,11,147,0.0,0.0,0.0,0.0,9,85,3,3,17,5,0.0,0.0,0.0,0.0,Table Boundary Error,,False,,2026-02-02T05:55:21.088766
1712.06560v2.1,normal,Pure TSR Error,Table Boundary Error,TSR Grid Detection,0.7941176470588235,0.11764705882352942,0.16666666666666666,0.09090909090909091,0.1111111111111111,0.125,10,20,0.0,0.0,0.0,0.0,9,15,3,3,3,5,0.0,0.0,0.0,0.0,Pure TSR Error,,False,,2026-02-02T05:55:21.088840
1604.03244v1.5,normal,Table Boundary Error,Pure TSR Error,TSR Grid Detection,0.9323308270676691,0.023809523809523808,0.25,0.0125,0.05,0.0,9,237,0.0,0.0,0.0,0.0,9,133,3,3,19,7,0.0,0.0,0.0,0.0,Table Boundary Error,,False,,2026-02-02T05:55:21.088964
1412.4021v5.3,normal,Table Boundary Error,Pure TSR Error,TSR Grid Detection,0.9081632653061225,0.0,0.0,0.0,0.0,0.0,12,175,0.0,0.0,0.0,0.0,9,98,3,3,14,7,0.0,0.0,0.0,0.0,Table Boundary Error,,False,,2026-02-02T05:55:21.089098
1708.05514v1.1,normal,Pure TSR Error,"Col Merge/Split,Row/Col Shift",TSR Grid Detection,0.8357142857142857,0.07142857142857144,0.08333333333333333,0.0625,0.0,0.16666666666666666,11,15,0.0,0.0,0.0,0.0,9,12,3,3,2,6,0.0,0.0,0.0,0.0,Pure TSR Error,,False,,2026-02-02T05:55:21.089177
1505.06699v3.5,normal,Table Boundary Error,Pure TSR Error,TSR Grid Detection,0.8163265306122449,0.08333333333333333,0.3333333333333333,0.047619047619047616,0.125,0.041666666666666664,8,80,0.0,0.0,0.0,0.0,9,49,3,3,7,7,0.0,0.0,0.0,0.0,Table Boundary Error,,False,,2026-02-02T05:55:21.089248
1802.10591v2.1,normal,Pure TSR Error,Table Boundary Error,TSR Grid Detection,0.858139534883721,0.046511627906976744,0.08333333333333333,0.03225806451612903,0.09523809523809522,0.0,11,30,0.0,0.0,0.0,0.0,9,20,3,3,5,4,0.0,0.0,0.0,0.0,Pure TSR Error,,False,,2026-02-02T05:55:21.089326
1803.05263v3.1,normal,Pure TSR Error,Table Boundary Error,TSR Grid Detection,0.8076923076923077,0.10256410256410256,0.16666666666666666,0.07407407407407407,0.1111111111111111,0.09523809523809522,10,25,0.0,0.0,0.0,0.0,9,18,3,3,6,3,0.0,0.0,0.0,0.0,Pure TSR Error,,False,,2026-02-02T05:55:21.089376
1711.10124v1.1,normal,Table Boundary Error,Pure TSR Error,TSR Grid Detection,0.7272727272727273,0.0,0.0,0.0,0.0,0.0,12,52,0.0,0.0,0.0,0.0,9,33,3,3,11,3,0.0,0.0,0.0,0.0,Table Boundary Error,,False,,2026-02-02T05:55:21.089426
1706.08653v2.4,normal,Table Boundary Error,Pure TSR Error,TSR Grid Detection,0.7428571428571429,0.0,0.0,0.0,0.0,0.0,12,58,0.0,0.0,0.0,0.0,9,35,3,3,7,5,0.0,0.0,0.0,0.0,Table Boundary Error,,False,,2026-02-02T05:55:21.089475
1709.03481v1.6,normal,Table Boundary Error,Pure TSR Error,TSR Grid Detection,0.8571428571428571,0.04918032786885246,0.25,0.02727272727272727,0.09677419354838708,0.0,9,107,0.0,0.0,0.0,0.0,9,63,3,3,7,9,0.0,0.0,0.0,0.0,Table Boundary Error,,False,,2026-02-02T05:55:21.089538
1712.08933v1.2,normal,Pure TSR Error,Table Boundary Error,TSR Grid Detection,0.9,0.0,0.0,0.0,0.0,0.0,12,31,0.0,0.0,0.0,0.0,9,20,3,3,5,4,0.0,0.0,0.0,0.0,Pure TSR Error,,False,,2026-02-02T05:55:21.089580
1611.00454v1.1,normal,Pure TSR Error,Table Boundary Error,TSR Grid Detection,0.9,0.0,0.0,0.0,0.0,0.0,12,42,0.0,0.0,0.0,0.0,9,27,3,3,3,9,0.0,0.0,0.0,0.0,Pure TSR Error,,False,,2026-02-02T05:55:21.089626
1705.06391v1.1,normal,Pure TSR Error,Row/Col Shift,TSR Grid Detection,0.7758620689655172,0.13793103448275862,0.16666666666666666,0.11764705882352941,0.26666666666666666,0.0,10,15,0.0,0.0,0.0,0.0,9,12,3,3,3,4,0.0,0.0,0.0,0.0,Pure TSR Error,,False,,2026-02-02T05:55:21.089665
1111.0307v2.5,normal,Table Boundary Error,Pure TSR Error,TSR Grid Detection,0.75,0.0,0.0,0.0,0.0,0.0,12,59,0.0,0.0,0.0,0.0,9,36,3,3,9,4,0.0,0.0,0.0,0.0,Table Boundary Error,,False,,2026-02-02T05:55:21.089795
1712.02066v1.6,normal,Pure TSR Error,Table Boundary Error,TSR Grid Detection,0.75,0.16666666666666666,0.25,0.125,0.3333333333333333,0.0,9,21,0.0,0.0,0.0,0.0,9,16,3,3,4,4,0.0,0.0,0.0,0.0,Pure TSR Error,,False,,2026-02-02T05:55:21.089950
1711.02976v1.1,normal,Pure TSR Error,Row/Col Shift,TSR Grid Detection,0.8379310344827586,0.06896551724137931,0.08333333333333333,0.058823529411764705,0.14285714285714288,0.0,11,16,0.0,0.0,0.0,0.0,9,12,3,3,4,3,0.0,0.0,0.0,0.0,Pure TSR Error,,False,,2026-02-02T05:55:21.090047
1712.06679v2.2,normal,Table Boundary Error,Pure TSR Error,TSR Grid Detection,0.7,0.03389830508474576,0.08333333333333333,0.02127659574468085,0.07692307692307691,0.0,11,46,0.0,0.0,0.0,0.0,9,30,3,3,10,3,0.0,0.0,0.0,0.0,Table Boundary Error,,False,,2026-02-02T05:55:21.090133
1604.07312v1.1,normal,Pure TSR Error,Table Boundary Error,TSR Grid Detection,0.863265306122449,0.04081632653061225,0.08333333333333333,0.02702702702702703,0.09090909090909091,0.0,11,36,0.0,0.0,0.0,0.0,9,24,3,3,8,3,0.0,0.0,0.0,0.0,Pure TSR Error,,False,,2026-02-02T05:55:21.090191
1603.07016v3.10,normal,Pure TSR Error,Table Boundary Error,TSR Grid Detection,0.9,0.0,0.0,0.0,0.0,0.0,12,38,0.0,0.0,0.0,0.0,9,24,3,3,6,4,0.0,0.0,0.0,0.0,Pure TSR Error,,False,,2026-02-02T05:55:21.090315
1706.09278v2.1,normal,Pure TSR Error,Table Boundary Error,TSR Grid Detection,0.9,0.0,0.0,0.0,0.0,0.0,12,31,0.0,0.0,0.0,0.0,9,20,3,3,4,5,0.0,0.0,0.0,0.0,Pure TSR Error,,False,,2026-02-02T05:55:21.090392
1610.07560v1.4,normal,Pure TSR Error,Table Boundary Error,TSR Grid Detection,0.9,0.0,0.0,0.0,0.0,0.0,12,32,0.0,0.0,0.0,0.0,9,21,3,3,7,3,0.0,0.0,0.0,0.0,Pure TSR Error,,False,,2026-02-02T05:55:21.090445
1104.1852v1.2,normal,Pure TSR Error,Table Boundary Error,TSR Grid Detection,0.8162790697674419,0.09302325581395349,0.16666666666666666,0.06451612903225806,0.19047619047619044,0.0,10,29,0.0,0.0,0.0,0.0,9,20,3,3,5,4,0.0,0.0,0.0,0.0,Pure TSR Error,,False,,2026-02-02T05:55:21.090490
1612.00959v1.1,normal,Table Boundary Error,"Row Merge/Split,Pure TSR Error",TSR Grid Detection,0.8125,0.024390243902439022,0.08333333333333333,0.014285714285714285,0.0,0.03846153846153846,11,69,0.0,0.0,0.0,0.0,9,48,3,3,24,2,0.0,0.0,0.0,0.0,Table Boundary Error,,False,,2026-02-02T05:55:21.090555
1506.07363v1.1,normal,Pure TSR Error,Table Boundary Error,TSR Grid Detection,0.9,0.0,0.0,0.0,0.0,0.0,12,27,0.0,0.0,0.0,0.0,9,18,3,3,6,3,0.0,0.0,0.0,0.0,Pure TSR Error,,False,,2026-02-02T05:55:21.090598
1109.6361v1.5,normal,Pure TSR Error,Table Boundary Error,TSR Grid Detection,0.782608695652174,0.13043478260869565,0.25,0.08823529411764706,0.18181818181818182,0.08333333333333333,9,31,0.0,0.0,0.0,0.0,9,22,3,3,6,4,0.0,0.0,0.0,0.0,Pure TSR Error,,False,,2026-02-02T05:55:21.090662
1805.10802v1.6,normal,Table Boundary Error,"Row Merge/Split,Pure TSR Error",TSR Grid Detection,0.8902439024390244,0.0,0.0,0.0,0.0,0.0,12,121,0.0,0.0,0.0,0.0,9,82,3,3,41,2,0.0,0.0,0.0,0.0,Table Boundary Error,,False,,2026-02-02T05:55:21.090813
0710.1436v1.1,normal,Table Boundary Error,Pure TSR Error,TSR Grid Detection,0.64,0.11538461538461538,0.25,0.075,0.15384615384615383,0.07692307692307691,9,37,0.0,0.0,0.0,0.0,9,25,3,3,5,5,0.0,0.0,0.0,0.0,Table Boundary Error,,False,,2026-02-02T05:55:21.090982
1302.5607v2.1,normal,Table Boundary Error,Pure TSR Error,TSR Grid Detection,0.75,0.028169014084507043,0.08333333333333333,0.01694915254237288,0.0,0.05263157894736842,11,58,0.0,0.0,0.0,0.0,9,36,3,3,9,4,0.0,0.0,0.0,0.0,Table Boundary Error,,False,,2026-02-02T05:55:21.091066
1212.3013v1.10,normal,Table Boundary Error,Pure TSR Error,TSR Grid Detection,0.91,0.0,0.0,0.0,0.0,0.0,12,171,0.0,0.0,0.0,0.0,9,100,3,3,25,4,0.0,0.0,0.0,0.0,Table Boundary Error,,False,,2026-02-02T05:55:21.091159
1511.05479v2.4,normal,Pure TSR Error,Table Boundary Error,TSR Grid Detection,0.85,0.05555555555555555,0.08333333333333333,0.041666666666666664,0.1111111111111111,0.0,11,23,0.0,0.0,0.0,0.0,9,16,3,3,4,4,0.0,0.0,0.0,0.0,Pure TSR Error,,False,,2026-02-02T05:55:21.091312
1710.11446v1.3,normal,Pure TSR Error,Table Boundary Error,TSR Grid Detection,0.858139534883721,0.046511627906976744,0.08333333333333333,0.03225806451612903,0.09090909090909091,0.0,11,30,0.0,0.0,0.0,0.0,9,20,3,3,4,5,0.0,0.0,0.0,0.0,Pure TSR Error,,False,,2026-02-02T05:55:21.091410
1704.04360v1.2,normal,Pure TSR Error,Table Boundary Error,TSR Grid Detection,0.8076923076923077,0.10256410256410256,0.16666666666666666,0.07407407407407407,0.0,0.2222222222222222,10,25,0.0,0.0,0.0,0.0,9,18,3,3,3,6,0.0,0.0,0.0,0.0,Pure TSR Error,,False,,2026-02-02T05:55:21.091466
1501.03952v1.2,normal,Pure TSR Error,Table Boundary Error,TSR Grid Detection,0.8307692307692308,0.07692307692307691,0.16666666666666666,0.05,0.07692307692307691,0.07692307692307691,10,38,0.0,0.0,0.0,0.0,9,25,3,3,5,5,0.0,0.0,0.0,0.0,Pure TSR Error,,False,,2026-02-02T05:55:21.091517
